Drug,Cell_Line,Predicted_IC50
Vinblastine,SU-DHL-6,0.042519834
Vinorelbine,VAL,0.054447472
Docetaxel,Farage,0.056819435
Romidepsin,Farage,0.065321885
Romidepsin,SU-DHL-5,0.06894644
Docetaxel,SU-DHL-5,0.06922643
Docetaxel,DOHH-2,0.072272025
Bortezomib,Farage,0.07252029
Bortezomib,A3-KAW,0.07466846
Romidepsin,A3-KAW,0.07503247
Romidepsin,BC-1,0.07521014
Vinorelbine,SU-DHL-5,0.07771244
Bortezomib,NU-DUL-1,0.077947736
Romidepsin,DOHH-2,0.07812911
Romidepsin,H4,0.078335926
Vinblastine,SU-DHL-8,0.07838839
Bortezomib,SU-DHL-10,0.08132065
Vinorelbine,SU-DHL-16,0.08139039
Vinorelbine,KARPAS-422,0.08404665
Bortezomib,MOG-G-UVW,0.08415218
SN-38,SU-DHL-5,0.08421847
Dactinomycin,DOHH-2,0.08502731
Docetaxel,A4-Fuk,0.08759811
Bortezomib,MC116,0.08777985
Vinorelbine,RC-K8,0.088896036
Bortezomib,JSC-1,0.08903992
Romidepsin,SU-DHL-6,0.08906294
Dactinomycin,Farage,0.08968666
Romidepsin,SCC-3,0.09012189
Docetaxel,CTB-1,0.0908871
SN-38,DOHH-2,0.09331361
Bortezomib,JEKO-1,0.093323074
Vinorelbine,OCI-LY-19,0.093906544
Dactinomycin,DOHH-2,0.09489878
Dactinomycin,A4-Fuk,0.097082496
Dactinomycin,OCI-LY-19,0.09744654
Bortezomib,BC-1,0.099365525
Rapamycin,SU-DHL-5,0.099493064
Vinorelbine,BC-1,0.0995003
Paclitaxel,Farage,0.10006795
Sepantronium bromide,SU-DHL-5,0.10162318
Dactinomycin,RL,0.102582395
Dactinomycin,NU-DUL-1,0.10259263
Romidepsin,SW1088,0.102864034
Sepantronium bromide,Farage,0.103190914
Rapamycin,SU-DHL-16,0.103199095
Bortezomib,RL,0.10378587
Romidepsin,SF539,0.104374334
Rapamycin,DOHH-2,0.10474728
Vinblastine,BC-1,0.10514548
Sepantronium bromide,NU-DUL-1,0.10542186
Bortezomib,CRO-AP2,0.1069779
Bortezomib,DB,0.10704794
Dactinomycin,A3-KAW,0.10746103
Bortezomib,SF126,0.10815183
Romidepsin,8-MG-BA,0.10835866
Bortezomib,GAMG,0.10888741
Dactinomycin,JSC-1,0.108938426
Daporinad,NU-DUL-1,0.1089649
Bortezomib,SU-DHL-4,0.108969726
Vinorelbine,A4-Fuk,0.10899583
Bortezomib,SU-DHL-6,0.10951399
Dactinomycin,BC-1,0.10958098
Dactinomycin,WSU-DLCL2,0.10970848
Vinorelbine,MC116,0.10994169
Dactinomycin,SU-DHL-10,0.10998347
Paclitaxel,BC-1,0.11038457
Paclitaxel,SU-DHL-16,0.11045667
Bortezomib,D-566MG,0.11060268
Romidepsin,KARPAS-422,0.11096094
Romidepsin,T98G,0.11162014
Vincristine,SU-DHL-5,0.11171186
Paclitaxel,SU-DHL-5,0.111734666
Docetaxel,MOG-G-UVW,0.11309506
Dactinomycin,SCC-3,0.11354128
Vinorelbine,RL,0.11356531
SN-38,SU-DHL-16,0.113707475
Paclitaxel,DOHH-2,0.11385737
Gemcitabine,SU-DHL-5,0.11413256
Rapamycin,SU-DHL-6,0.11433706
Daporinad,DOHH-2,0.115064815
Bortezomib,VAL,0.11565539
Docetaxel,Hs-683,0.115791336
Vinorelbine,WSU-DLCL2,0.11614661
Vinorelbine,JSC-1,0.116169214
Dactinomycin,CTB-1,0.11675503
Dactinomycin,MOG-G-UVW,0.116763026
Romidepsin,SLVL,0.11678973
Dactinomycin,JEKO-1,0.116895914
SN-38,Farage,0.11718261
SN-38,A3-KAW,0.1173219
Docetaxel,D-336MG,0.11787156
SN-38,WSU-DLCL2,0.11791704
Bortezomib,SF539,0.117921084
Gemcitabine,DOHH-2,0.11800073
Paclitaxel,A3-KAW,0.118983135
Sepantronium bromide,SU-DHL-16,0.119503334
Docetaxel,WSU-DLCL2,0.11992333
Vinorelbine,DB,0.12070918
Vinorelbine,SU-DHL-4,0.12077305
Vincristine,SU-DHL-6,0.12134181
Docetaxel,D-566MG,0.121554315
Vinblastine,JSC-1,0.12185442
Docetaxel,A3-KAW,0.121962965
Sepantronium bromide,SLVL,0.122984536
Dactinomycin,SU-DHL-6,0.12314787
Sepantronium bromide,DB,0.12335593
Sepantronium bromide,SU-DHL-4,0.124299966
SN-38,CTB-1,0.12486761
Docetaxel,BC-1,0.12514685
Sepantronium bromide,42-MG-BA,0.1251634
Sepantronium bromide,SCC-3,0.12571937
Docetaxel,JSC-1,0.1263194
Docetaxel,JSC-1,0.12631941
Daporinad,Farage,0.12641552
Bortezomib,D-423MG,0.12763223
Bortezomib,KARPAS-1106P,0.12777664
Sepantronium bromide,A4-Fuk,0.1277891
Daporinad,CRO-AP2,0.12872401
Paclitaxel,MC116,0.12877086
Sepantronium bromide,MC116,0.12883796
Sepantronium bromide,KARPAS-1106P,0.12899497
Dactinomycin,DB,0.12900217
Dactinomycin,DB,0.1290022
Dactinomycin,Hs-683,0.12907869
Bortezomib,Hs-683,0.12910378
Vinorelbine,SU-DHL-6,0.12921141
SN-38,RL,0.12933187
Bortezomib,TK,0.1300087
Sepantronium bromide,JM1,0.13011976
Sepantronium bromide,D-566MG,0.13012488
Dactinomycin,SU-DHL-6,0.13019317
Vinorelbine,SCC-3,0.13042936
SN-38,SU-DHL-4,0.13055545
Romidepsin,TUR,0.13057294
Paclitaxel,CRO-AP2,0.13076271
Vinorelbine,M059J,0.13135512
Bortezomib,no-10,0.13153388
Vinorelbine,CTB-1,0.13174227
Docetaxel,GI-1,0.13193692
Docetaxel,TUR,0.13195969
Bortezomib,8-MG-BA,0.1325321
Paclitaxel,JEKO-1,0.13273633
Bortezomib,SW1088,0.13327189
Sepantronium bromide,GAMG,0.13348883
Paclitaxel,SU-DHL-4,0.13369898
Docetaxel,D-423MG,0.13380039
Vincristine,BC-1,0.13469958
Vinorelbine,GRANTA-519,0.1351109
Sepantronium bromide,MOG-G-CCM,0.13521716
Sepantronium bromide,SU-DHL-10,0.13579412
Vinblastine,TUR,0.13582183
Vinorelbine,H4,0.13586372
Paclitaxel,YH-13,0.13624963
Bortezomib,YH-13,0.1365257
Staurosporine,Farage,0.13663992
SN-38,BC-1,0.13707499
Paclitaxel,SU-DHL-10,0.13822241
Vinblastine,GRANTA-519,0.13822904
Docetaxel,SU-DHL-4,0.13840389
SN-38,JEKO-1,0.13852358
Sepantronium bromide,D-263MG,0.13854584
SN-38,GRANTA-519,0.13917556
Romidepsin,D-392MG,0.14053331
Dactinomycin,JM1,0.14070436
Dactinomycin,H4,0.1407783
Vincristine,A4-Fuk,0.14078663
SN-38,H4,0.14099409
Staurosporine,SU-DHL-5,0.14100596
Bortezomib,RC-K8,0.14126894
Sepantronium bromide,SF539,0.14175572
Daporinad,DB,0.1422621
Vincristine,SU-DHL-10,0.14240968
Vincristine,JSC-1,0.14243962
Romidepsin,U-118-MG,0.1429064
Sepantronium bromide,8-MG-BA,0.14316283
Sepantronium bromide,RL,0.14318006
Dactinomycin,SLVL,0.14384873
SN-38,OCI-LY-19,0.14435303
Docetaxel,SCC-3,0.14437741
Bortezomib,CAS-1,0.1457236
Romidepsin,SF268,0.14609222
Gemcitabine,CTB-1,0.14631562
Sepantronium bromide,A172,0.14641821
Bortezomib,U251,0.14656548
Vinblastine,GI-1,0.14664249
Daporinad,KARPAS-422,0.14674611
Bortezomib,SK-MG-1,0.14703111
Paclitaxel,Hs-683,0.14758234
Gemcitabine,NU-DUL-1,0.14809069
Gemcitabine,Farage,0.14882746
Gemcitabine,MC116,0.14892663
SN-38,SU-DHL-8,0.14903176
Vincristine,A3-KAW,0.14972232
Camptothecin,SCC-3,0.14984562
Elesclomol,NU-DUL-1,0.1503976
Docetaxel,SF126,0.15072565
Vinblastine,TK,0.15120071
SN-38,SU-DHL-10,0.15166984
Dactinomycin,D-566MG,0.15183431
Docetaxel,DB,0.1518859
Dactinomycin,A4-Fuk,0.15360713
BI-2536,DOHH-2,0.15402941
Romidepsin,DK-MG,0.15422295
Camptothecin,DB,0.15443541
Luminespib,SU-DHL-16,0.15448256
Bortezomib,MOG-G-CCM,0.15453644
Docetaxel,KARPAS-1106P,0.154834
Romidepsin,SU-DHL-8,0.15559354
SN-38,8-MG-BA,0.15567453
SN-38,KARPAS-422,0.15596218
Elesclomol,DOHH-2,0.15602674
Rapamycin,BC-1,0.15605657
Camptothecin,SU-DHL-8,0.15687224
Docetaxel,TUR,0.15722725
Romidepsin,LN-229,0.15839379
Docetaxel,T98G,0.15844221
Sepantronium bromide,OCI-LY-19,0.1588072
Bortezomib,KALS-1,0.1588526
Sepantronium bromide,M059J,0.15946524
Dactinomycin,8-MG-BA,0.15962115
Vincristine,SCC-3,0.15970805
Paclitaxel,MOG-G-UVW,0.15992785
Vinorelbine,TUR,0.16011794
Temsirolimus,SU-DHL-16,0.1602209
Docetaxel,Becker,0.16061725
Dactinomycin,RC-K8,0.16070239
Sepantronium bromide,YH-13,0.16091485
Bortezomib,U-118-MG,0.16152675
Staurosporine,H4,0.16167387
Camptothecin,CRO-AP2,0.16178656
BI-2536,SU-DHL-5,0.16179162
Bortezomib,D-542MG,0.16210197
Docetaxel,YH-13,0.16227375
Docetaxel,YH-13,0.16227375
Vinorelbine,JM1,0.16296871
Daporinad,A4-Fuk,0.16329609
SN-38,SF126,0.16387871
Docetaxel,Becker,0.16435954
SN-38,MOG-G-UVW,0.1653932
SN-38,TK,0.1659833
Dactinomycin,TK,0.1666675
Docetaxel,VAL,0.16668868
Sepantronium bromide,RC-K8,0.16671486
Vinorelbine,YH-13,0.1678254
Daporinad,H4,0.16816293
Daporinad,SLVL,0.16822425
Docetaxel,42-MG-BA,0.1685612
Sepantronium bromide,KS-1,0.16860323
Camptothecin,CTB-1,0.1693812
Bortezomib,GRANTA-519,0.16939247
Dinaciclib,CRO-AP2,0.16947809
Docetaxel,A172,0.16965377
BI-2536,CRO-AP2,0.16982636
Sepantronium bromide,YKG-1,0.17010711
Sepantronium bromide,TK,0.17014478
Staurosporine,CTB-1,0.17071076
Daporinad,JM1,0.17133525
Bortezomib,KNS-42,0.17138952
Staurosporine,A4-Fuk,0.17183638
Staurosporine,SW1088,0.1719417
SN-38,D-566MG,0.17217211
Bortezomib,KNS-81-FD,0.1724054
Bortezomib,D-392MG,0.17247702
Staurosporine,SU-DHL-6,0.17249227
Gemcitabine,A4-Fuk,0.1725254
Dactinomycin,SF539,0.1726046
Vinorelbine,GAMG,0.17326015
Daporinad,MC116,0.17347309
Paclitaxel,A4-Fuk,0.17353243
BI-2536,NU-DUL-1,0.17360601
Vincristine,H4,0.17408863
Docetaxel,D-263MG,0.17427677
Gemcitabine,JM1,0.17470373
Sepantronium bromide,T98G,0.17474872
Sepantronium bromide,U251,0.1748631
Gemcitabine,RL,0.17529936
SN-38,D-423MG,0.17550951
Dinaciclib,MC116,0.17572778
LMP744,SCC-3,0.17610486
Dactinomycin,KNS-42,0.1763006
Gemcitabine,JEKO-1,0.1763325
BI-2536,OCI-LY-19,0.17657933
Rapamycin,SU-DHL-10,0.17671715
Bortezomib,DK-MG,0.17715731
Docetaxel,T98G,0.17800806
Staurosporine,SU-DHL-10,0.17816538
Romidepsin,LN-405,0.1789846
Docetaxel,SLVL,0.17963976
Camptothecin,SU-DHL-4,0.18006544
Sepantronium bromide,SF295,0.18020286
Dactinomycin,D-247MG,0.18040021
Dactinomycin,A172,0.18095799
Docetaxel,M059J,0.18126571
Staurosporine,NU-DUL-1,0.1813301
Luminespib,DOHH-2,0.18153925
Dinaciclib,Farage,0.1818221
Staurosporine,BC-1,0.18212382
Paclitaxel,JM1,0.18228509
Sepantronium bromide,GI-1,0.18310359
BI-2536,CTB-1,0.18325546
Bortezomib,LN-229,0.1842584
Dactinomycin,YH-13,0.18427214
Dactinomycin,SU-DHL-8,0.18466407
Paclitaxel,SF539,0.18517013
Paclitaxel,MOG-G-CCM,0.18529457
Dactinomycin,no-10,0.18548396
Dinaciclib,CTB-1,0.18584485
BI-2536,SU-DHL-16,0.18616268
Temsirolimus,WSU-DLCL2,0.1862582
Vinblastine,Becker,0.18644214
Vinorelbine,Hs-683,0.18701738
SN-38,SF295,0.18716022
Sepantronium bromide,U-118-MG,0.18735293
BI-2536,JEKO-1,0.18738228
Vinblastine,42-MG-BA,0.18769988
Camptothecin,SLVL,0.18773006
Rapamycin,KARPAS-422,0.18773544
Docetaxel,KNS-42,0.18854696
Bortezomib,LN-405,0.18865855
Rapamycin,GI-1,0.18882614
Dactolisib,WSU-DLCL2,0.18908173
Luminespib,NU-DUL-1,0.19009611
LMP744,JSC-1,0.19015804
Luminespib,SU-DHL-6,0.19054312
Staurosporine,A172,0.19099285
Dactinomycin,U251,0.19105212
Vincristine,KARPAS-1106P,0.19223851
Gemcitabine,SU-DHL-10,0.19225548
Vincristine,DB,0.19234735
Docetaxel,KS-1,0.19271947
Sepantronium bromide,GRANTA-519,0.19301124
Staurosporine,M059J,0.19331175
Rapamycin,MC116,0.19332631
Paclitaxel,Becker,0.19348168
Dactolisib,SU-DHL-6,0.19377235
Luminespib,D-336MG,0.19499102
Dinaciclib,GI-1,0.195117
Bortezomib,D-502MG,0.19535314
Paclitaxel,JSC-1,0.19535515
SN-38,42-MG-BA,0.19547607
Romidepsin,DBTRG-05MG,0.19548833
Dactinomycin,SF295,0.19571975
Luminespib,A4-Fuk,0.19580768
Docetaxel,SW1088,0.1964634
Sepantronium bromide,U-87-MG,0.19769567
Luminespib,CTB-1,0.19821537
Sepantronium bromide,KINGS-1,0.19837925
Dactolisib,SU-DHL-5,0.19885169
SN-38,U-118-MG,0.19894461
BI-2536,BC-1,0.19929437
Camptothecin,SU-DHL-10,0.19965988
Luminespib,BC-1,0.1997334
Dactolisib,SU-DHL-16,0.19973901
Temsirolimus,DOHH-2,0.20037818
Gemcitabine,SU-DHL-8,0.20041728
Elesclomol,JEKO-1,0.20095037
Docetaxel,LNZTA3WT4,0.20100515
Rapamycin,A4-Fuk,0.20165104
Staurosporine,DOHH-2,0.20207816
Podophyllotoxin bromide,DOHH-2,0.20209481
Staurosporine,42-MG-BA,0.20253184
Vinblastine,KARPAS-422,0.20276847
Staurosporine,KS-1,0.20291491
Staurosporine,GAMG,0.20308316
Sepantronium bromide,Hs-683,0.20314334
BI-2536,RL,0.20394439
Dinaciclib,KARPAS-1106P,0.20396319
Pevonedistat,SU-DHL-5,0.20411783
Dactinomycin,Becker,0.20451197
Dinaciclib,D-566MG,0.20524332
BI-2536,JSC-1,0.20525488
BI-2536,MC116,0.20537709
Elesclomol,CRO-AP2,0.20544055
Docetaxel,SK-MG-1,0.20567948
Dactinomycin,42-MG-BA,0.20645773
Camptothecin,SU-DHL-6,0.20646115
Vinblastine,T98G,0.20660526
Staurosporine,TUR,0.20667912
Dactinomycin,YH-13,0.20676987
Paclitaxel,D-542MG,0.20690331
Docetaxel,SU-DHL-8,0.20702207
Luminespib,SF539,0.20777582
Dinaciclib,D-423MG,0.20831586
Staurosporine,SU-DHL-4,0.20912439
Sepantronium bromide,GB-1,0.20945033
Dinaciclib,D-336MG,0.20999286
Staurosporine,SF539,0.21092562
Daporinad,KS-1,0.21131387
Sepantronium bromide,D-502MG,0.21183367
Luminespib,Hs-683,0.21237735
Docetaxel,RC-K8,0.2128934
Sepantronium bromide,Becker,0.2129911
Vinorelbine,SF295,0.21318524
Luminespib,KARPAS-422,0.21325135
Camptothecin,SF126,0.2134362
Luminespib,YH-13,0.21408224
Dinaciclib,SF126,0.21421067
Rapamycin,SF126,0.21455042
Staurosporine,JSC-1,0.21461767
BI-2536,SU-DHL-6,0.21492738
Rapamycin,CTB-1,0.21501586
Camptothecin,SF539,0.21508218
Epirubicin,DOHH-2,0.21527043
Docetaxel,SF268,0.21538219
Docetaxel,no-10,0.21544133
Dactolisib,CRO-AP2,0.21554416
Camptothecin,TK,0.21605667
Luminespib,42-MG-BA,0.2160846
Vinorelbine,LNZTA3WT4,0.21611018
Dactinomycin,KS-1,0.21642846
Staurosporine,SF126,0.21671434
Staurosporine,MOG-G-CCM,0.21679145
Sepantronium bromide,CAS-1,0.21733154
Vinorelbine,D-247MG,0.2179631
Staurosporine,YH-13,0.21801415
BI-2536,SU-DHL-10,0.21805207
Vinorelbine,D-542MG,0.21806028
Epirubicin,BC-1,0.21836026
Dinaciclib,H4,0.21862705
Rapamycin,YH-13,0.21868032
Docetaxel,KARPAS-422,0.21899247
Luminespib,VAL,0.2191347
Topotecan,SCC-3,0.21915658
Topotecan,A3-KAW,0.21918046
Dactolisib,H4,0.21921478
Epirubicin,OCI-LY-19,0.21924481
Vinblastine,SF268,0.21939339
Dactinomycin,D-263MG,0.21950565
Dactinomycin,D-392MG,0.21954077
Rapamycin,JSC-1,0.21958488
Paclitaxel,KS-1,0.219595
Mitoxantrone,JSC-1,0.21965821
Camptothecin,AM-38,0.21976407
Dactinomycin,SW1088,0.22022948
Dactinomycin,SW1088,0.22022948
Dactinomycin,GAMG,0.22035314
Rapamycin,VAL,0.22047539
Paclitaxel,YKG-1,0.22054687
Dactinomycin,SNB75,0.22077341
Vincristine,YH-13,0.2209631
Rapamycin,SCC-3,0.22120653
Gemcitabine,SLVL,0.22140716
Luminespib,RL,0.22195737
Dactinomycin,VAL,0.22200564
Paclitaxel,SU-DHL-8,0.22218004
Vinblastine,D-263MG,0.22297283
Gemcitabine,BC-1,0.22318529
BI-2536,WSU-DLCL2,0.22323366
SN-38,Becker,0.22340502
Vincristine,TK,0.22350189
Vinblastine,DBTRG-05MG,0.22445308
Dactolisib,A3-KAW,0.22469091
Dactinomycin,GI-1,0.22469369
Dactinomycin,T98G,0.2247049
SN-38,GAMG,0.22477803
Vincristine,8-MG-BA,0.22537163
Sepantronium bromide,KALS-1,0.22584398
Staurosporine,SLVL,0.22599137
BI-2536,VAL,0.22685005
Rapamycin,D-336MG,0.22694692
Gemcitabine,H4,0.22725654
LMP744,BC-1,0.22757743
Sepantronium bromide,D-542MG,0.22774807
Epirubicin,JSC-1,0.22780922
BI-2536,SU-DHL-4,0.2282833
Dinaciclib,SCC-3,0.22832929
Staurosporine,SF295,0.22847667
Luminespib,DB,0.22893518
LMP744,Farage,0.22901829
Dinaciclib,VAL,0.22923157
Daporinad,D-423MG,0.22928618
Staurosporine,D-423MG,0.23068033
Luminespib,SCC-3,0.23081651
Epirubicin,A3-KAW,0.23131028
Dactinomycin,GRANTA-519,0.23139013
LMP744,DB,0.23142329
Dinaciclib,YH-13,0.23151165
Elesclomol,OCI-LY-19,0.2321848
Camptothecin,MOG-G-UVW,0.23224452
Luminespib,KARPAS-1106P,0.23235859
Vinblastine,KALS-1,0.23249584
Paclitaxel,D-263MG,0.23272654
Luminespib,MOG-G-CCM,0.23338033
Rapamycin,KARPAS-1106P,0.23358665
Teniposide,A3-KAW,0.2336412
Dactinomycin,GB-1,0.23426676
Vinorelbine,SNB75,0.23450567
Camptothecin,42-MG-BA,0.2354779
Vinorelbine,U251,0.23586471
Paclitaxel,D-502MG,0.23587437
Luminespib,M059J,0.23709945
Rapamycin,M059J,0.23712955
Bortezomib,DBTRG-05MG,0.23737837
Vincristine,GRANTA-519,0.23753507
Luminespib,JSC-1,0.23761006
Camptothecin,U251,0.2376897
Dactinomycin,D-542MG,0.2377255
Teniposide,SCC-3,0.23804653
Dinaciclib,SF539,0.23891169
Staurosporine,KARPAS-422,0.23929445
Vincristine,SF539,0.2393694
Vinorelbine,T98G,0.23940113
Vinblastine,AM-38,0.2395099
BI-2536,JM1,0.23962626
Epirubicin,MC116,0.23971736
SN-38,LNZTA3WT4,0.23995978
Vinblastine,SW1088,0.24014437
Epirubicin,RL,0.24085207
Docetaxel,SF295,0.24098836
Bortezomib,NMC-G1,0.24118702
SN-38,no-10,0.2419618
Camptothecin,KARPAS-422,0.24313876
Epirubicin,Farage,0.24316639
Staurosporine,CAS-1,0.24351679
Dinaciclib,M059J,0.2440949
Vinblastine,GB-1,0.24427806
Epirubicin,WSU-DLCL2,0.24439013
Schweinfurthin A,SU-DHL-6,0.24453586
Camptothecin,LNZTA3WT4,0.24477763
Dactinomycin,U-118-MG,0.24538411
Staurosporine,LN-18,0.24556912
Epirubicin,SU-DHL-10,0.2457362
Dactinomycin,SF268,0.24627277
LMP744,A4-Fuk,0.24724111
Podophyllotoxin bromide,SCC-3,0.24730475
Sepantronium bromide,no-11,0.2477313
Dinaciclib,OCI-LY-19,0.24778908
Vincristine,42-MG-BA,0.24799499
Vinblastine,DK-MG,0.24830943
Staurosporine,DK-MG,0.24837051
Luminespib,D-423MG,0.24878794
Tozasertib,NU-DUL-1,0.24899465
Gemcitabine,GRANTA-519,0.24932164
Paclitaxel,TK,0.2493715
Topotecan,GRANTA-519,0.24983138
Luminespib,CAS-1,0.25016963
Rapamycin,SF539,0.25072446
Podophyllotoxin bromide,A3-KAW,0.25141016
Mitoxantrone,SCC-3,0.25167784
Lestaurtinib,SU-DHL-16,0.2518045
Epirubicin,SLVL,0.25182056
Dasatinib,SU-DHL-6,0.25189984
Dactinomycin,LN-229,0.25236472
Camptothecin,RC-K8,0.25265026
Daporinad,T98G,0.25345105
Dactolisib,RL,0.253795
SN-38,D-247MG,0.2540752
Vinorelbine,D-502MG,0.25417045
Luminespib,T98G,0.25437143
Docetaxel,CAS-1,0.25441507
Dactolisib,SF539,0.25459865
Daporinad,D-263MG,0.25498885
Luminespib,SLVL,0.2558353
Luminespib,Becker,0.25646394
Paclitaxel,SLVL,0.25802216
Camptothecin,Becker,0.25805753
Daporinad,no-10,0.25812462
Dactolisib,KARPAS-1106P,0.2583086
Schweinfurthin A,DOHH-2,0.25896323
Docetaxel,D-392MG,0.259239
Luminespib,KS-1,0.25928527
Epirubicin,H4,0.25982755
Camptothecin,A172,0.25995848
Vinblastine,SK-MG-1,0.2611162
Vinorelbine,KNS-42,0.26129958
Temsirolimus,SU-DHL-10,0.2613692
AZD7762,SU-DHL-5,0.2615215
Gemcitabine,Hs-683,0.2617229
Camptothecin,SF295,0.2620262
Dactolisib,42-MG-BA,0.26237693
Luminespib,no-10,0.2627411
Temsirolimus,RL,0.26312223
Luminespib,TUR,0.2634067
Luminespib,SNB75,0.26437405
Lestaurtinib,A3-KAW,0.2654386
Dinaciclib,T98G,0.26572064
Topotecan,VAL,0.26585138
Luminespib,DK-MG,0.2664076
AZD5153,A3-KAW,0.2669963
Lestaurtinib,Farage,0.2671614
Dactolisib,D-566MG,0.26732275
Epirubicin,DB,0.26745984
Dinaciclib,AM-38,0.26785502
Paclitaxel,T98G,0.2679053
Vincristine,KARPAS-422,0.268174
Daporinad,MOG-G-CCM,0.268293
Dactolisib,8-MG-BA,0.26833183
Mitoxantrone,SU-DHL-8,0.2684399
Epirubicin,MOG-G-UVW,0.26845804
AZD8055,A4-Fuk,0.26888344
Luminespib,KALS-1,0.26888463
SN-38,KNS-81-FD,0.26965064
Tanespimycin,A4-Fuk,0.27012435
Lestaurtinib,A4-Fuk,0.270243
Paclitaxel,U-118-MG,0.27024454
LMP744,KARPAS-1106P,0.27127272
Rapamycin,D-423MG,0.27145517
SN-38,Hs-683,0.27150002
Dinaciclib,SLVL,0.27159685
Dactinomycin,LN-405,0.2721784
Staurosporine,LNZTA3WT4,0.2725748
Dinaciclib,GRANTA-519,0.27264374
Dactinomycin,LN-18,0.27267572
Paclitaxel,KARPAS-422,0.27308232
Dactolisib,D-247MG,0.27344534
Dasatinib,SU-DHL-16,0.2734644
Dactolisib,MC116,0.2739568
BI-2536,D-566MG,0.27399
Paclitaxel,AM-38,0.27424368
Rapamycin,RC-K8,0.2742542
Camptothecin,Hs-683,0.27448955
Vincristine,RC-K8,0.27450368
Pevonedistat,A3-KAW,0.27456328
Docetaxel,U-87-MG,0.27486065
Rapamycin,MOG-G-CCM,0.2748711
SN-38,YKG-1,0.275192
Schweinfurthin A,VAL,0.27544817
Schweinfurthin A,SU-DHL-5,0.2756614
MG-132,MOG-G-UVW,0.27633584
Lestaurtinib,BC-1,0.27677172
SN-38,DBTRG-05MG,0.27818975
Dactolisib,Hs-683,0.2783478
Dactolisib,VAL,0.27854288
Dactolisib,GI-1,0.2786261
LMP744,SLVL,0.27884498
Staurosporine,RC-K8,0.27912134
Temsirolimus,BC-1,0.2795686
LMP744,SU-DHL-10,0.27956963
MG-132,H4,0.27981296
Dasatinib,WSU-DLCL2,0.28037107
Dinaciclib,KS-1,0.28043
Podophyllotoxin bromide,H4,0.28044936
Luminespib,RC-K8,0.28092274
AZD7762,A3-KAW,0.2810495
Dactolisib,A172,0.28105393
Vinblastine,KS-1,0.28113037
Schweinfurthin A,A3-KAW,0.28132123
BI-2536,D-423MG,0.281406
Dactolisib,MOG-G-CCM,0.28195575
Dinaciclib,SF295,0.28231484
Daporinad,YKG-1,0.28301334
MG-132,A3-KAW,0.28323913
SN-38,D-336MG,0.28338936
Vinblastine,CAS-1,0.28342393
Epirubicin,8-MG-BA,0.2835782
Paclitaxel,KALS-1,0.28388512
Vincristine,M059J,0.2842178
Temsirolimus,SU-DHL-4,0.2842679
Daporinad,YH-13,0.28432438
Luminespib,JM1,0.2843252
Daporinad,D-566MG,0.28441498
Topotecan,BC-1,0.28446564
Rapamycin,KALS-1,0.28464252
Dasatinib,SU-DHL-5,0.28467783
Gemcitabine,AM-38,0.28477934
Venetoclax,SU-DHL-16,0.28494775
Dinaciclib,SNB75,0.285386
Dinaciclib,Becker,0.2860628
LMP744,SU-DHL-6,0.2866285
Rapamycin,T98G,0.28787073
MG-132,SU-DHL-16,0.288389
Navitoclax,OCI-LY-19,0.288471
Staurosporine,YKG-1,0.28849885
LMP744,GRANTA-519,0.28882307
BI-2536,GRANTA-519,0.28890163
Luminespib,D-502MG,0.28960457
Camptothecin,YKG-1,0.28963408
Podophyllotoxin bromide,SU-DHL-10,0.2898677
Dasatinib,A4-Fuk,0.2900469
SN-38,KS-1,0.29006466
Pictilisib,SU-DHL-16,0.29052818
Vinorelbine,SF268,0.29060793
Lestaurtinib,VAL,0.29128534
Epirubicin,TUR,0.29148296
Dinaciclib,D-542MG,0.29196265
Dasatinib,NU-DUL-1,0.2920203
Epirubicin,SU-DHL-8,0.2922258
AZD5991,DOHH-2,0.29237816
Dasatinib,Farage,0.29243532
MG-132,SLVL,0.29295066
MG-132,A172,0.2930094
Dactinomycin,DK-MG,0.29333693
Dactinomycin,DK-MG,0.29333693
Daporinad,Hs-683,0.29376438
Lestaurtinib,SCC-3,0.29450092
Rapamycin,DK-MG,0.29494715
Talazoparib,SU-DHL-5,0.29514214
Vinorelbine,KS-1,0.2956321
Dactolisib,SF126,0.2960185
LMP744,8-MG-BA,0.296161
LMP744,RC-K8,0.29626718
Pictilisib,SU-DHL-6,0.29628035
Camptothecin,GAMG,0.29645014
Staurosporine,no-11,0.29689986
BI-2536,A172,0.29707086
MG-132,SU-DHL-6,0.2976863
Sabutoclax,JSC-1,0.29821506
Staurosporine,U251,0.29826483
Dinaciclib,KALS-1,0.2983132
JQ1,A3-KAW,0.29839632
Dactolisib,KS-1,0.29870537
MG-132,OCI-LY-19,0.29871038
Schweinfurthin A,SU-DHL-10,0.2997021
Lestaurtinib,JEKO-1,0.30018443
Docetaxel,SF268,0.30043966
Afuresertib,SU-DHL-6,0.30071765
Tanespimycin,Farage,0.30157912
Vinorelbine,D-392MG,0.30159125
Luminespib,KNS-42,0.30171824
Dinaciclib,D-263MG,0.30183116
SN-38,KNS-42,0.30190176
Vincristine,AM-38,0.30198294
Elesclomol,D-566MG,0.3023496
Paclitaxel,KNS-81-FD,0.3023606
Tanespimycin,A3-KAW,0.30241087
MG-132,BC-1,0.3026255
Staurosporine,AM-38,0.30278
Epirubicin,YH-13,0.30316576
Tozasertib,SU-DHL-4,0.30355367
Sabutoclax,SU-DHL-10,0.30363175
Dasatinib,CRO-AP2,0.30386612
ABT737,OCI-LY-19,0.30393636
Teniposide,A4-Fuk,0.30399147
Luminespib,SU-DHL-8,0.3040155
Topotecan,Farage,0.30444032
Topotecan,SU-DHL-10,0.30473584
Lestaurtinib,CRO-AP2,0.30491415
MG-132,NU-DUL-1,0.30497903
Epirubicin,KARPAS-1106P,0.3052723
Paclitaxel,D-392MG,0.3052812
MG-132,M059J,0.30534583
Pictilisib,SU-DHL-5,0.30549052
Topotecan,TUR,0.3060579
MG-132,SU-DHL-4,0.30613396
Topotecan,SLVL,0.30632523
Vinblastine,LN-18,0.30640262
Epirubicin,KARPAS-422,0.30642867
AZD7762,CTB-1,0.30669987
Dactolisib,RC-K8,0.3067102
Gemcitabine,Becker,0.306791
Staurosporine,SF268,0.30679187
Afuresertib,WSU-DLCL2,0.3070611
Docetaxel,LN-18,0.308063
MG-132,GAMG,0.308072
BI-2536,YH-13,0.30819806
BI-2536,D-336MG,0.3087038
Staurosporine,SU-DHL-8,0.30877152
Lestaurtinib,KARPAS-1106P,0.30883121
MG-132,CTB-1,0.30892923
Dactolisib,LN-18,0.30898595
Schweinfurthin A,SLVL,0.30950546
ABT737,DOHH-2,0.3097274
MG-132,KARPAS-1106P,0.30996126
SN-38,SW1088,0.31006083
Dactinomycin,LN-229,0.3102205
Taselisib,SU-DHL-6,0.3104515
Teniposide,VAL,0.31049758
Lestaurtinib,SU-DHL-8,0.31074673
Alisertib,A4-Fuk,0.3107949
Schweinfurthin A,DB,0.31082535
Dactolisib,KALS-1,0.31090555
Dinaciclib,SF268,0.31108087
MG-132,D-336MG,0.31115526
Vincristine,D-263MG,0.3115752
OTX015,CRO-AP2,0.31159043
Rapamycin,U251,0.31175178
SN-38,LN-229,0.31207493
MG-132,Farage,0.3121452
MG-132,Hs-683,0.31247288
MG-132,SF539,0.31332856
Schweinfurthin A,TUR,0.31338972
Sabutoclax,SCC-3,0.31378826
Rapamycin,U-87-MG,0.31385878
Uprosertib,SU-DHL-6,0.31426314
Schweinfurthin A,H4,0.31436998
Sabutoclax,MC116,0.31444764
Pevonedistat,NU-DUL-1,0.3146008
Camptothecin,no-10,0.3146982
Gemcitabine,42-MG-BA,0.31536722
AZD7762,SU-DHL-4,0.3154508
Dactolisib,no-10,0.31564653
Epirubicin,SF126,0.3157274
Sabutoclax,SU-DHL-4,0.3158222
Uprosertib,WSU-DLCL2,0.31587204
Gemcitabine,U-118-MG,0.3159502
Camptothecin,KS-1,0.31602854
Tozasertib,SU-DHL-16,0.31617758
MK-1775,CRO-AP2,0.31625646
Methotrexate,JSC-1,0.31669292
Sabutoclax,CRO-AP2,0.31673914
MG-132,MOG-G-CCM,0.31678575
MK-1775,DOHH-2,0.3168675
Gemcitabine,A172,0.31694767
Temsirolimus,A4-Fuk,0.3170534
Sabutoclax,KARPAS-1106P,0.31707883
Docetaxel,GRANTA-519,0.31724143
Topotecan,H4,0.31728548
Lestaurtinib,MOG-G-UVW,0.31741035
MG-132,SK-MG-1,0.3174665
AZD7762,NU-DUL-1,0.31829762
Podophyllotoxin bromide,A172,0.3186019
Elesclomol,YKG-1,0.3187834
Alisertib,NU-DUL-1,0.31879961
Epirubicin,GRANTA-519,0.31891224
Alisertib,A3-KAW,0.3189472
Elesclomol,SNB75,0.31905755
Temsirolimus,MC116,0.31924313
Temsirolimus,KARPAS-422,0.3196079
Docetaxel,KINGS-1,0.31962147
OTX015,A3-KAW,0.31967902
Uprosertib,SU-DHL-6,0.32018396
AZD8055,A3-KAW,0.32033846
Pevonedistat,SLVL,0.320608
AZD7762,A4-Fuk,0.3208745
Podophyllotoxin bromide,SU-DHL-8,0.32093388
Elesclomol,no-10,0.32126123
Dactolisib,CAS-1,0.32127437
Lestaurtinib,RL,0.32129142
MG-132,WSU-DLCL2,0.32201287
AZD8055,WSU-DLCL2,0.32232836
Epirubicin,GI-1,0.3227541
AZD7762,MC116,0.3227903
ABT737,GRANTA-519,0.32280323
Venetoclax,SU-DHL-6,0.3228442
MK-1775,SCC-3,0.32288253
MG-132,no-10,0.3230689
Afuresertib,SU-DHL-16,0.32315874
AZD5153,SU-DHL-10,0.32317147
MG-132,D-423MG,0.3237837
MG-132,JEKO-1,0.3242901
MG-132,RC-K8,0.32470062
Camptothecin,SW1088,0.32480276
Temsirolimus,VAL,0.32517064
Sabutoclax,KARPAS-422,0.32586807
MG-132,CRO-AP2,0.32620034
PD0325901,A4-Fuk,0.32689285
AZD7762,DOHH-2,0.32712293
GNE-317,SU-DHL-16,0.32741416
ABT737,DB,0.32744172
LMP744,GI-1,0.3280157
MG-132,D-392MG,0.32807603
Tanespimycin,SF126,0.32817048
Dinaciclib,U-118-MG,0.3282486
Tanespimycin,SF539,0.3283034
Pictilisib,DOHH-2,0.32836598
OTX015,SU-DHL-16,0.32848856
Docetaxel,DK-MG,0.328771
Lestaurtinib,H4,0.32890338
JQ1,SU-DHL-5,0.32900968
LMP744,SF539,0.3292573
Taselisib,DOHH-2,0.32954666
Vincristine,SK-MG-1,0.32958567
Vinorelbine,GB-1,0.3295959
Afuresertib,DOHH-2,0.3296289
Cytarabine,VAL,0.3299746
AZD7762,SLVL,0.33016127
AZD7762,H4,0.33027557
Staurosporine,JM1,0.33032486
MG-132,CAS-1,0.3303353
Ipatasertib,SU-DHL-6,0.33049548
MK-1775,BC-1,0.33053324
Tanespimycin,CRO-AP2,0.33056432
AZD5991,BC-1,0.33063355
GNE-317,DOHH-2,0.3308451
Temsirolimus,D-336MG,0.33098468
Sabutoclax,JEKO-1,0.3312839
Venetoclax,SLVL,0.33132643
Topotecan,RC-K8,0.33183745
Sabutoclax,VAL,0.33206895
Dactolisib,AM-38,0.33248034
MG-132,SU-DHL-8,0.33271918
Daporinad,D-542MG,0.3328416
MG-132,JM1,0.33295092
Methotrexate,A3-KAW,0.33305088
Staurosporine,DBTRG-05MG,0.33328503
Tanespimycin,MOG-G-UVW,0.33384582
GNE-317,NU-DUL-1,0.3339492
Pevonedistat,A4-Fuk,0.33396137
Epirubicin,SF295,0.3339723
MK-2206,SU-DHL-16,0.33445805
GNE-317,A4-Fuk,0.33448282
AZD7762,KARPAS-1106P,0.33480197
Pictilisib,WSU-DLCL2,0.3355115
Pevonedistat,TUR,0.33562
AZD7762,RL,0.33594698
Rapamycin,GRANTA-519,0.33636612
Dactolisib,KINGS-1,0.3365195
JQ1,OCI-LY-19,0.3368872
Navitoclax,DOHH-2,0.33698732
MG-132,SCC-3,0.33700976
Dactolisib,DK-MG,0.3370152
Dasatinib,SU-DHL-4,0.33702758
Paclitaxel,no-11,0.33753705
Afuresertib,SU-DHL-5,0.3375424
Pevonedistat,JSC-1,0.33755955
MG-132,D-542MG,0.33783224
Telomerase Inhibitor IX,DOHH-2,0.33783707
Vinblastine,LN-229,0.33828363
Methotrexate,Farage,0.33856723
AZD7762,JEKO-1,0.33865535
Camptothecin,LN-18,0.33885917
Camptothecin,MOG-G-CCM,0.33887598
Mitoxantrone,TK,0.3389679
Teniposide,SF539,0.33963048
Podophyllotoxin bromide,KARPAS-1106P,0.3397132
Temsirolimus,CTB-1,0.33996186
Dinaciclib,SU-DHL-8,0.34007272
AZ960,CTB-1,0.34020546
Methotrexate,RC-K8,0.34024623
AZD8055,KARPAS-1106P,0.3403034
AZD5363,WSU-DLCL2,0.34048054
Teniposide,TK,0.34053817
MG-132,MC116,0.34054166
Venetoclax,OCI-LY-19,0.3405875
Rapamycin,SU-DHL-8,0.3406884
MG-132,8-MG-BA,0.34078255
Navitoclax,SU-DHL-16,0.34120938
Lestaurtinib,JM1,0.34127763
MG-132,A4-Fuk,0.34161222
Tanespimycin,KALS-1,0.34164846
GNE-317,BC-1,0.34170642
Podophyllotoxin bromide,GI-1,0.34173122
Tanespimycin,D-336MG,0.3418951
Podophyllotoxin bromide,SF539,0.34224623
MK-1775,JEKO-1,0.34276146
Bromosporine,A3-KAW,0.34283933
Gemcitabine,YH-13,0.34318292
Cytarabine,JSC-1,0.34322828
Irinotecan,OCI-LY-19,0.34335062
Tanespimycin,Hs-683,0.34337166
Gemcitabine,LNZTA3WT4,0.34339297
Epirubicin,T98G,0.34354883
Venetoclax,Farage,0.34406224
Podophyllotoxin bromide,RC-K8,0.34433764
Pictilisib,A4-Fuk,0.3446263
Alisertib,WSU-DLCL2,0.3446318
AZD7762,VAL,0.34475225
Dactolisib,U-118-MG,0.34497198
Podophyllotoxin bromide,GRANTA-519,0.34499782
Teniposide,H4,0.34504485
JQ1,CRO-AP2,0.34561568
Pevonedistat,SU-DHL-8,0.34590143
Navitoclax,VAL,0.3460037
MK-1775,MC116,0.34636787
Teniposide,42-MG-BA,0.3465924
JQ1,CTB-1,0.34737653
BI-2536,YKG-1,0.34745076
BI-2536,SF295,0.34766638
JQ1,SU-DHL-6,0.34766826
AZD7762,DB,0.3477477
Dasatinib,YH-13,0.34812772
Gemcitabine,SF295,0.34842855
OTX015,SU-DHL-5,0.3486711
Teniposide,KARPAS-1106P,0.34919676
Elesclomol,D-542MG,0.349384
Trametinib,A3-KAW,0.3495241
AZD7762,TUR,0.34991524
BI-2536,KALS-1,0.35004556
Teniposide,TUR,0.3503894
Rapamycin,KNS-81-FD,0.35059047
Teniposide,RC-K8,0.3506232
Temsirolimus,SF295,0.35063004
Mitoxantrone,42-MG-BA,0.35066956
Dasatinib,SW1088,0.35079163
MG-132,LN-229,0.35100317
Epirubicin,D-263MG,0.35101727
MK-1775,JSC-1,0.35114494
AZD8055,GI-1,0.35123312
GNE-317,SU-DHL-5,0.35138154
BI-2536,SF268,0.35138184
Obatoclax Mesylate,Farage,0.35152686
Topotecan,U251,0.35162753
Dactinomycin,NMC-G1,0.35181335
Docetaxel,LN-229,0.35232717
Venetoclax,SU-DHL-8,0.3523864
Dactolisib,TK,0.3524858
Elesclomol,Hs-683,0.35276407
Camptothecin,KNS-81-FD,0.35288262
Docetaxel,KARPAS-422,0.353126
Epirubicin,U251,0.35347405
MG-132,U-118-MG,0.3537124
Dasatinib,OCI-LY-19,0.35378826
ABT737,RL,0.35402018
Lestaurtinib,SF539,0.35424042
Dactolisib,D-502MG,0.35435197
Schweinfurthin A,GI-1,0.35436556
Tanespimycin,SU-DHL-6,0.3551952
Navitoclax,GRANTA-519,0.35599285
Foretinib,A3-KAW,0.3563109
GNE-317,A3-KAW,0.35677415
Pevonedistat,BC-1,0.35692593
MG-132,TK,0.35701436
Epirubicin,D-423MG,0.3573398
Podophyllotoxin bromide,Becker,0.35751483
Lestaurtinib,OCI-LY-19,0.3576646
Temsirolimus,MOG-G-UVW,0.357676
Temsirolimus,SW1088,0.3577046
BI-2536,U251,0.3578563
Entinostat,A3-KAW,0.35786563
AZD5438,A3-KAW,0.35813764
Alisertib,BC-1,0.35827363
AZD5153,KARPAS-422,0.35827866
Epirubicin,U-87-MG,0.3587212
Rapamycin,KNS-42,0.35889554
Tanespimycin,D-392MG,0.35895988
Tozasertib,OCI-LY-19,0.35902926
Dactinomycin,GB-1,0.35928115
Ulixertinib,A4-Fuk,0.3597268
Tanespimycin,MOG-G-CCM,0.3599142
Podophyllotoxin bromide,KARPAS-422,0.36006862
AZD8055,VAL,0.36007193
BI-2536,D-263MG,0.36019403
Epirubicin,KS-1,0.36019477
SN-38,DK-MG,0.36025378
LMP744,KARPAS-422,0.36034158
AZD8055,H4,0.36035657
Afuresertib,SU-DHL-10,0.3606703
Schweinfurthin A,8-MG-BA,0.36073732
Vincristine,U-118-MG,0.3608926
BI-2536,M059J,0.3609443
Dinaciclib,U-87-MG,0.36097932
Wee1 Inhibitor,NU-DUL-1,0.36107028
LMP744,Becker,0.36107302
Temsirolimus,H4,0.36108196
AZD8055,MOG-G-CCM,0.36112925
AZD6738,A4-Fuk,0.36129656
Dinaciclib,YKG-1,0.36142698
Paclitaxel,CAS-1,0.3614905
AZD7762,OCI-LY-19,0.3614986
Alisertib,H4,0.3615411
BI-2536,LN-18,0.36167505
Tanespimycin,H4,0.36179084
MK-1775,VAL,0.3620121
Teniposide,KARPAS-422,0.3622978
LMP744,AM-38,0.36231363
MG-132,D-566MG,0.36263043
Temsirolimus,Becker,0.3632124
Talazoparib,SCC-3,0.3633917
Mitoxantrone,KARPAS-1106P,0.3634396
Obatoclax Mesylate,SK-MG-1,0.36355954
Temsirolimus,LNZTA3WT4,0.36358854
Tanespimycin,KS-1,0.36378863
AZD8186,SU-DHL-16,0.3640161
Irinotecan,DOHH-2,0.3640547
Lestaurtinib,TUR,0.364677
GNE-317,42-MG-BA,0.36472294
Teniposide,GI-1,0.3648061
Dasatinib,H4,0.3649358
Lestaurtinib,A172,0.36599255
Tanespimycin,DK-MG,0.3660679
Uprosertib,SU-DHL-5,0.36626592
Talazoparib,NU-DUL-1,0.3663371
Methotrexate,SU-DHL-5,0.3664276
Temsirolimus,SF126,0.3667367
MK-1775,KARPAS-1106P,0.36676198
MK-1775,SU-DHL-16,0.36690828
Elesclomol,KNS-81-FD,0.36702797
Irinotecan,CTB-1,0.3670688
Topotecan,U-118-MG,0.3671231
AZD8055,SCC-3,0.36757046
JQ1,JSC-1,0.3676476
Epirubicin,D-336MG,0.36768854
Telomerase Inhibitor IX,A3-KAW,0.36782894
MK-1775,SU-DHL-10,0.3678784
GNE-317,A172,0.36788443
Venetoclax,RL,0.36808553
Camptothecin,D-502MG,0.368587
Tanespimycin,AM-38,0.36876377
Dasatinib,D-247MG,0.368855
SN-38,KINGS-1,0.3690635
Obatoclax Mesylate,AM-38,0.36912525
AZD7762,GI-1,0.36930794
Wee1 Inhibitor,SCC-3,0.36979356
Uprosertib,Farage,0.37003946
GNE-317,CRO-AP2,0.37055367
Luminespib,KINGS-1,0.3706036
AZD8055,M059J,0.37077984
AZD8186,Farage,0.3709236
MG-132,Becker,0.37100324
Podophyllotoxin bromide,42-MG-BA,0.37128136
Foretinib,SW1088,0.37132746
JQ1,DOHH-2,0.37176764
Sabutoclax,GB-1,0.37215304
Taselisib,Farage,0.37220946
OTX015,A4-Fuk,0.37230265
POMHEX,TK,0.37280443
Rapamycin,D-502MG,0.37301403
AZD7762,8-MG-BA,0.3731151
Talazoparib,OCI-LY-19,0.37315038
Buparlisib,SU-DHL-5,0.37332785
Cytarabine,WSU-DLCL2,0.37375197
Vorinostat,DOHH-2,0.37386882
Telomerase Inhibitor IX,Farage,0.37392154
Obatoclax Mesylate,SCC-3,0.37396714
YK-4-279,NU-DUL-1,0.3741922
LMP744,M059J,0.37430528
Obatoclax Mesylate,BC-1,0.37441978
MK-2206,DOHH-2,0.3747439
Mycophenolic acid,BC-1,0.37477425
AZD8055,8-MG-BA,0.374778
I-BET-762,A4-Fuk,0.37478364
Elesclomol,D-502MG,0.3749575
Podophyllotoxin bromide,TK,0.3753724
AZD6738,JEKO-1,0.37549582
Docetaxel,D-392MG,0.37553528
Pictilisib,BC-1,0.3762594
Dactolisib,KNS-81-FD,0.3763725
Schweinfurthin A,SF539,0.37639153
Podophyllotoxin bromide,T98G,0.37655428
Foretinib,CTB-1,0.37668812
Topotecan,SF268,0.37677136
Sabutoclax,SF539,0.37694693
OTX015,SU-DHL-10,0.377079
AZD8055,A172,0.37764817
AZD5153,SCC-3,0.377946
Dasatinib,SU-DHL-10,0.3779532
Talazoparib,A3-KAW,0.37798685
Lestaurtinib,GRANTA-519,0.37799963
Temsirolimus,YH-13,0.37806076
Irinotecan,NU-DUL-1,0.3781751
MK-1775,TK,0.37823486
Telomerase Inhibitor IX,TUR,0.37840006
AZD8055,GAMG,0.3784378
Gemcitabine,LN-18,0.3789336
Gemcitabine,SW1088,0.37907806
Obatoclax Mesylate,A3-KAW,0.3791571
Dactinomycin,CAS-1,0.3792322
Cytarabine,GRANTA-519,0.37928918
Vincristine,U-87-MG,0.379403
Dactolisib,GRANTA-519,0.37945855
BI-2536,KNS-42,0.37965387
Foretinib,YH-13,0.38002473
Schweinfurthin A,U-87-MG,0.38008714
Pictilisib,42-MG-BA,0.38016665
667880,SU-DHL-5,0.38017884
Sabutoclax,D-566MG,0.3802136
AZD5438,SU-DHL-5,0.38036743
Gemcitabine,SNB75,0.380587
JQ1,SU-DHL-10,0.38059115
AZD8055,LNZTA3WT4,0.38062936
TW 37,VAL,0.38066217
Entinostat,SU-DHL-5,0.3806811
AZ960,MC116,0.38073105
Pictilisib,MC116,0.38073763
Tanespimycin,8-MG-BA,0.38075125
POMHEX,DB,0.38079715
Dasatinib,VAL,0.38084805
Mitoxantrone,AM-38,0.381088
MG-132,SF268,0.38110548
MK-1775,SU-DHL-8,0.3813588
ZM447439,DOHH-2,0.38143456
Taselisib,SU-DHL-5,0.38161004
Alisertib,SU-DHL-6,0.38176036
Entinostat,DOHH-2,0.38183445
Wee1 Inhibitor,OCI-LY-19,0.38201222
Cytarabine,A4-Fuk,0.3822562
Gemcitabine,YKG-1,0.38244373
BI-2536,D-542MG,0.38279137
667880,DOHH-2,0.382861
GSK2110183B,DOHH-2,0.3829135
Mycophenolic acid,SU-DHL-5,0.38310626
AZ960,JEKO-1,0.38323689
Wee1 Inhibitor,JM1,0.38331175
AZ960,OCI-LY-19,0.38370886
Foretinib,OCI-LY-19,0.38370907
GNE-317,SU-DHL-4,0.38372418
Foretinib,VAL,0.38385224
667880,A3-KAW,0.38393807
Pictilisib,SW1088,0.38405254
Vorinostat,SU-DHL-5,0.38406804
Podophyllotoxin bromide,AM-38,0.38441113
Sabutoclax,42-MG-BA,0.38441363
Tanespimycin,DOHH-2,0.38442138
Dasatinib,Hs-683,0.3844732
Irinotecan,CRO-AP2,0.38448933
Telomerase Inhibitor IX,JSC-1,0.38461772
Vincristine,D-392MG,0.3852794
Tanespimycin,RL,0.38530037
Vinorelbine,U-87-MG,0.38534984
Gemcitabine,GB-1,0.38535377
AZD8186,SU-DHL-6,0.38548222
Tanespimycin,MC116,0.3855079
Cytarabine,KARPAS-1106P,0.38559648
Telomerase Inhibitor IX,JEKO-1,0.38569584
GNE-317,TUR,0.38577855
BI-2536,D-392MG,0.38585964
AZ960,BC-1,0.38591385
Sabutoclax,SF126,0.3861273
Tanespimycin,SU-DHL-16,0.38623747
Sabutoclax,YH-13,0.3866201
Alisertib,SCC-3,0.38679504
GNE-317,SW1088,0.3869791
Pevonedistat,JEKO-1,0.3869816
Temsirolimus,A3-KAW,0.38706875
Methotrexate,AM-38,0.38711083
Wee1 Inhibitor,SU-DHL-16,0.38716432
Entinostat,CRO-AP2,0.38742858
Foretinib,MOG-G-UVW,0.38747954
Obatoclax Mesylate,SLVL,0.38750717
Alisertib,VAL,0.38771743
Vinorelbine,DBTRG-05MG,0.38772067
Dasatinib,GAMG,0.38784808
Staurosporine,NMC-G1,0.38814354
LMP744,42-MG-BA,0.3882806
AZD5438,SU-DHL-10,0.38837206
Alisertib,SU-DHL-4,0.38838053
Methotrexate,DB,0.38852534
AZ960,D-336MG,0.38881168
Podophyllotoxin bromide,U251,0.3888624
AZD5582,SU-DHL-16,0.38901252
GNE-317,GAMG,0.38901663
Bosutinib,SU-DHL-16,0.38905832
Vorinostat,OCI-LY-19,0.38920853
Vincristine,DK-MG,0.38926712
Sabutoclax,GAMG,0.3893641
Cisplatin,A3-KAW,0.38939416
Teniposide,GAMG,0.38940054
Dinaciclib,KNS-81-FD,0.38978434
Afuresertib,Farage,0.38991612
Tanespimycin,T98G,0.389921
AZD8055,SF539,0.3900023
AZD7762,GRANTA-519,0.3900128
Refametinib,A4-Fuk,0.39013147
Teniposide,Becker,0.39023063
Telomerase Inhibitor IX,MC116,0.39028326
Foretinib,RL,0.39032164
Bosutinib,DOHH-2,0.39032277
Dasatinib,MOG-G-UVW,0.39044705
Tanespimycin,CAS-1,0.3904999
AZD8055,Becker,0.39057875
Pevonedistat,D-336MG,0.390605
Wee1 Inhibitor,Farage,0.39077532
630600,TK,0.3907993
Dihydrorotenone,SU-DHL-8,0.3909386
Navitoclax,WSU-DLCL2,0.39103284
Pevonedistat,KS-1,0.3911821
Obatoclax Mesylate,LN-18,0.39147586
Talazoparib,VAL,0.39165008
TW 37,DB,0.3917513
Ipatasertib,SU-DHL-16,0.3917538
MK-1775,SF539,0.3918072
MK-8776,SCC-3,0.39184725
Pictilisib,YH-13,0.39190665
JQ1,WSU-DLCL2,0.39222452
Ulixertinib,A4-Fuk,0.39223015
Trametinib,KS-1,0.39231023
Tanespimycin,KARPAS-1106P,0.39240038
AZ960,H4,0.39247823
ABT737,TK,0.39250943
Obatoclax Mesylate,H4,0.39258957
Entinostat,NU-DUL-1,0.39269856
JQ1,SCC-3,0.39294043
Tanespimycin,NU-DUL-1,0.3932357
AZD8055,T98G,0.39326963
AZD5153,8-MG-BA,0.39344004
Daporinad,KNS-42,0.39346302
OTX015,KARPAS-422,0.39377436
Buparlisib,Farage,0.39408883
Uprosertib,SU-DHL-10,0.39409342
Tanespimycin,D-423MG,0.39449188
Tanespimycin,Becker,0.39461035
YK-4-279,JEKO-1,0.39468277
MG-132,D-502MG,0.39559636
Podophyllotoxin bromide,KALS-1,0.39570746
MK-8776,SU-DHL-8,0.39576694
AZD5153,DB,0.39597484
AZD5991,SU-DHL-6,0.3963371
AZD5438,DOHH-2,0.3965533
Cytarabine,SF539,0.3965619
Foretinib,Hs-683,0.39665255
Pevonedistat,MOG-G-UVW,0.39679438
Telomerase Inhibitor IX,SU-DHL-4,0.39689898
Temsirolimus,JSC-1,0.39697987
Lestaurtinib,LNZTA3WT4,0.39701608
Buparlisib,BC-1,0.39711887
Taselisib,SU-DHL-10,0.3972773
GNE-317,Becker,0.3976129
AZD5153,GI-1,0.39767858
Tanespimycin,no-10,0.39773583
630600,BC-1,0.3978481
Docetaxel,NMC-G1,0.39786908
YK-4-279,VAL,0.39791322
YK-4-279,OCI-LY-19,0.3979621
Entinostat,OCI-LY-19,0.39808306
Wee1 Inhibitor,JEKO-1,0.39810237
GNE-317,KS-1,0.3985031
Irinotecan,BC-1,0.39873978
AZD2014,SU-DHL-5,0.39889807
Tanespimycin,KARPAS-422,0.39916432
AZD7762,A172,0.39925975
BI-2536,SW1088,0.3992618
YK-4-279,A3-KAW,0.39942017
Epirubicin,D-392MG,0.3994426
Vincristine,CAS-1,0.39974427
LMP744,GB-1,0.3997719
Talazoparib,JEKO-1,0.4000399
Tanespimycin,BC-1,0.4000738
Talazoparib,SU-DHL-16,0.40025082
Venetoclax,RC-K8,0.40030354
TW 37,WSU-DLCL2,0.40034378
Buparlisib,JSC-1,0.40045932
Dasatinib,MOG-G-CCM,0.40047684
Vincristine,LN-229,0.4004842
Alisertib,JSC-1,0.4005933
Vorinostat,BC-1,0.40077367
Obatoclax Mesylate,A172,0.40077618
AZD8055,DK-MG,0.4008631
Obatoclax Mesylate,8-MG-BA,0.40112206
BMS-754807,DOHH-2,0.40127575
Irinotecan,SU-DHL-16,0.40143383
Vorinostat,JSC-1,0.401586
Camptothecin,D-247MG,0.40159217
Luminespib,GRANTA-519,0.40182438
Telomerase Inhibitor IX,8-MG-BA,0.40184295
Sabutoclax,Becker,0.40190092
OTX015,JEKO-1,0.4019661
Sabutoclax,A172,0.40197942
AZD6738,SCC-3,0.40198922
Dactolisib,LN-405,0.4021292
Tozasertib,Farage,0.40217263
GSK2110183B,Farage,0.40271753
Taselisib,KARPAS-422,0.4028411
Bleomycin,SU-DHL-5,0.40290388
Epirubicin,DK-MG,0.40291083
5-azacytidine,A3-KAW,0.40291837
Pictilisib,MOG-G-UVW,0.40299645
OTX015,H4,0.4032038
GNE-317,JSC-1,0.40345946
Epirubicin,D-502MG,0.40365997
Talazoparib,MC116,0.4038177
I-BET-762,SU-DHL-10,0.4041938
Topotecan,M059J,0.4042164
Pevonedistat,LN-18,0.40424904
Wee1 Inhibitor,MC116,0.40444404
Sabutoclax,U-87-MG,0.4046339
Telomerase Inhibitor IX,MOG-G-CCM,0.40465063
Wee1 Inhibitor,RL,0.4049135
Obatoclax Mesylate,DOHH-2,0.40509772
Sabutoclax,U251,0.40525773
Telomerase Inhibitor IX,VAL,0.4052607
PRT062607,SU-DHL-16,0.40552008
Alisertib,MOG-G-UVW,0.40579766
MK-1775,D-423MG,0.40583163
Trametinib,MOG-G-UVW,0.40584096
Dihydrorotenone,DOHH-2,0.40621623
Telomerase Inhibitor IX,MOG-G-UVW,0.4063411
Dactolisib,U251,0.40639114
I-BET-762,SU-DHL-6,0.40640402
AZD2014,SU-DHL-6,0.40641865
Talazoparib,SU-DHL-8,0.406469
Lestaurtinib,D-423MG,0.4069355
MK-1775,D-566MG,0.40703705
Dasatinib,GI-1,0.40704957
Venetoclax,TK,0.4070933
Mycophenolic acid,SU-DHL-8,0.40709856
Obatoclax Mesylate,GRANTA-519,0.40715536
Methotrexate,KARPAS-1106P,0.40723437
Methotrexate,TK,0.40723553
Obatoclax Mesylate,GB-1,0.407489
MG-132,DBTRG-05MG,0.40751103
Dihydrorotenone,A3-KAW,0.40764078
Mitoxantrone,A172,0.40768555
Sabutoclax,M059J,0.4076968
AZD7762,D-566MG,0.40782854
Tanespimycin,KINGS-1,0.40793657
AZD8186,NU-DUL-1,0.40797663
AZD6738,VAL,0.4079794
Vorinostat,NU-DUL-1,0.4079993
Foretinib,D-336MG,0.408247
Dihydrorotenone,SU-DHL-5,0.40828353
Uprosertib,A4-Fuk,0.408562
Ibrutinib,SU-DHL-5,0.40859082
Dactinomycin,KINGS-1,0.40861493
Dactinomycin,KINGS-1,0.40861493
YK-4-279,MC116,0.40873957
Elesclomol,D-247MG,0.40879637
LMP744,U-87-MG,0.40882185
743380,KS-1,0.40903255
Dasatinib,D-566MG,0.40911576
PD0325901,AM-38,0.40921956
741909,A3-KAW,0.40922323
AZD5991,Farage,0.40934598
Paclitaxel,DBTRG-05MG,0.40941653
741909,A4-Fuk,0.4094189
Mycophenolic acid,MOG-G-UVW,0.40972275
Tanespimycin,KNS-81-FD,0.4098847
Vorinostat,JEKO-1,0.409896
Methotrexate,NU-DUL-1,0.40990615
Lestaurtinib,Becker,0.40999806
Mitoxantrone,KARPAS-422,0.41002154
GNE-317,VAL,0.4102279
Taselisib,SW1088,0.4102322
Buparlisib,SU-DHL-16,0.41052037
BMS-754807,A4-Fuk,0.41052833
Pictilisib,D-542MG,0.41063187
Sabutoclax,SNB75,0.41077074
Lestaurtinib,M059J,0.41096815
Foretinib,CAS-1,0.41108054
Epirubicin,SNB75,0.41108546
Vinorelbine,no-11,0.4111863
Alisertib,Hs-683,0.4114216
Temsirolimus,GAMG,0.41149086
Dasatinib,SK-MG-1,0.41157869
Trametinib,SF539,0.41173854
Temsirolimus,T98G,0.41186866
Wee1 Inhibitor,A4-Fuk,0.41189155
GNE-317,DK-MG,0.41193363
Lestaurtinib,U251,0.411971
I-BET-762,CRO-AP2,0.41197255
Telomerase Inhibitor IX,WSU-DLCL2,0.4121514
Telomerase Inhibitor IX,SK-MG-1,0.41216427
Wee1 Inhibitor,TUR,0.41222084
AZD6738,OCI-LY-19,0.4122341
AZD5153,KARPAS-1106P,0.4122373
Bromosporine,SU-DHL-10,0.41238782
Wee1 Inhibitor,CRO-AP2,0.41241342
Buparlisib,H4,0.4125309
743380,A172,0.41264194
Sabutoclax,U-118-MG,0.41268265
Buparlisib,A172,0.41274387
ZM447439,SU-DHL-16,0.41286972
AZD5991,A4-Fuk,0.4131021
Topotecan,U-87-MG,0.41311204
Buparlisib,SCC-3,0.41311455
Pevonedistat,U251,0.4133668
AZD7762,AM-38,0.41340983
Sabutoclax,D-336MG,0.4134509
BMS-754807,Farage,0.41357183
I-BET-762,DOHH-2,0.41367665
Buparlisib,DOHH-2,0.41381517
JQ1,RL,0.41385877
Cytarabine,SU-DHL-6,0.4139155
AZD5582,SU-DHL-6,0.41393027
Docetaxel,DBTRG-05MG,0.4142979
Wee1 Inhibitor,SU-DHL-8,0.41430315
AZD8055,U-87-MG,0.41432545
Tanespimycin,YKG-1,0.41437048
Irinotecan,JEKO-1,0.41449437
Schweinfurthin A,42-MG-BA,0.41453695
Irinotecan,SU-DHL-8,0.4145949
OTX015,JSC-1,0.4145981
GNE-317,CTB-1,0.41470176
LMP744,SK-MG-1,0.4147975
MG-132,no-11,0.41484195
Foretinib,D-566MG,0.41504753
AZD6738,A3-KAW,0.41511816
Tanespimycin,SF295,0.41530216
AZD2014,H4,0.41533244
Dasatinib,D-542MG,0.41550592
AZD7762,LN-18,0.41550615
BMS-754807,RL,0.41558546
Trametinib,KINGS-1,0.41569868
Afatinib,SU-DHL-16,0.41583246
Paclitaxel,GB-1,0.41605848
Buparlisib,YH-13,0.41606972
Rapamycin,no-11,0.41613698
MK-1775,RL,0.41621473
AZD8055,TK,0.41645673
Obatoclax Mesylate,GI-1,0.4164904
Mycophenolic acid,JSC-1,0.41677526
Dasatinib,M059J,0.41681844
Entinostat,SCC-3,0.4169271
Obatoclax Mesylate,DB,0.41700283
Topotecan,Becker,0.41710255
AZD6738,MC116,0.41722378
Cytarabine,MOG-G-UVW,0.4173838
Tanespimycin,LN-229,0.41745842
Ipatasertib,Farage,0.41748416
Afuresertib,A4-Fuk,0.41771793
Telomerase Inhibitor IX,Hs-683,0.41772416
Methotrexate,SU-DHL-10,0.4177962
Podophyllotoxin bromide,U-87-MG,0.41803393
ABT737,SLVL,0.41807193
BMS-754807,SU-DHL-5,0.41810197
Lestaurtinib,LN-18,0.41826203
630600,RC-K8,0.4182944
Talazoparib,JM1,0.41836682
Methotrexate,DOHH-2,0.418379
Teniposide,U-118-MG,0.41848764
GNE-317,SF126,0.4185136
Teniposide,SF268,0.41853848
GSK2110183B,SU-DHL-10,0.41854596
GSK269962A,SU-DHL-16,0.4185779
Pictilisib,KARPAS-1106P,0.41862977
Telomerase Inhibitor IX,DB,0.41864163
Cytarabine,H4,0.41875124
Lestaurtinib,SW1088,0.41876695
Wee1 Inhibitor,H4,0.4189476
Gemcitabine,GAMG,0.41913372
OTX015,MC116,0.4193009
AZD7762,Becker,0.4195462
Tanespimycin,D-502MG,0.41966912
Ulixertinib,A3-KAW,0.41977075
AZD5363,MC116,0.41996056
5-azacytidine,SU-DHL-5,0.41998583
Teniposide,LN-18,0.4201416
SGC0946,SU-DHL-5,0.42017755
TW 37,SF539,0.42041492
Methotrexate,A172,0.42058894
ZM447439,OCI-LY-19,0.420633
Axitinib,A3-KAW,0.42066413
Mycophenolic acid,SU-DHL-6,0.4207687
630600,KARPAS-1106P,0.42081627
Obatoclax Mesylate,KARPAS-1106P,0.42092404
Camptothecin,LN-229,0.42094958
Pictilisib,D-247MG,0.42095965
Foretinib,KALS-1,0.42097962
Telomerase Inhibitor IX,KARPAS-1106P,0.42106447
MK-2206,SU-DHL-4,0.4211691
Buparlisib,MOG-G-UVW,0.42120367
Pictilisib,H4,0.42191917
Mitoxantrone,Becker,0.42196804
Dihydrorotenone,SU-DHL-10,0.42209858
Methotrexate,SLVL,0.42221254
Temsirolimus,8-MG-BA,0.42243183
PRT062607,DOHH-2,0.42255467
Sorafenib,SU-DHL-5,0.42264035
Dihydrorotenone,SU-DHL-6,0.4229613
AZD8055,SF268,0.42304525
Osimertinib,SU-DHL-5,0.42304686
Cytarabine,LN-18,0.42317572
ZM447439,VAL,0.42323038
Dihydrorotenone,Farage,0.42336756
Telomerase Inhibitor IX,GAMG,0.423378
Vorinostat,DB,0.42346093
Palbociclib,CTB-1,0.42348537
RO-3306,OCI-LY-19,0.4234895
Sabutoclax,D-502MG,0.4235687
Trametinib,SLVL,0.42377403
Refametinib,A3-KAW,0.42404392
JQ1,VAL,0.42406175
Dihydrorotenone,JSC-1,0.42410052
Podophyllotoxin bromide,GB-1,0.42415005
Schweinfurthin A,A172,0.42426267
Podophyllotoxin bromide,D-392MG,0.42448246
630600,Farage,0.42453104
AZ960,A172,0.4247693
JQ1,KARPAS-1106P,0.4247746
Telomerase Inhibitor IX,D-423MG,0.42494333
Alisertib,A172,0.42513347
Epirubicin,DBTRG-05MG,0.4251398
Entinostat,JEKO-1,0.42557907
Podophyllotoxin bromide,LN-229,0.42567393
Pictilisib,SF295,0.42574245
GNE-317,D-247MG,0.4258214
667880,Farage,0.42601436
AZD5153,A172,0.42602468
AZD7762,KS-1,0.42604956
Palbociclib,SU-DHL-5,0.4260943
ABT737,SU-DHL-4,0.42618206
MK-1775,A172,0.42630413
Buparlisib,SU-DHL-10,0.42639583
Vorinostat,Farage,0.4264312
Dasatinib,A172,0.42645067
GNE-317,U-87-MG,0.42645392
Lestaurtinib,SK-MG-1,0.4265262
Irinotecan,DB,0.4266489
Alisertib,8-MG-BA,0.42670822
Vorinostat,WSU-DLCL2,0.4267845
667880,KARPAS-1106P,0.4268947
BMS-754807,CTB-1,0.42694736
Obatoclax Mesylate,TK,0.42700157
630600,DB,0.42704424
GNE-317,JEKO-1,0.4271706
667880,VAL,0.42717305
Buparlisib,NU-DUL-1,0.4271849
MK-2206,MC116,0.42726377
Buparlisib,TUR,0.42735127
GNE-317,U-118-MG,0.42738792
Vinorelbine,NMC-G1,0.42741215
PRT062607,NU-DUL-1,0.42741925
Dasatinib,8-MG-BA,0.42746592
AZD8055,RC-K8,0.4276119
Pevonedistat,Becker,0.42768553
AZD5153,SF539,0.4276968
Afatinib,A3-KAW,0.4277649
Gemcitabine,KNS-42,0.4278018
Trametinib,42-MG-BA,0.42783445
Tanespimycin,LN-405,0.42805836
AZD5582,SU-DHL-10,0.42809927
Wee1 Inhibitor,SU-DHL-10,0.42819938
GNE-317,Hs-683,0.42827854
Foretinib,SF126,0.4284043
Oxaliplatin,CRO-AP2,0.42844027
Bleomycin,A3-KAW,0.42855188
Podophyllotoxin bromide,U-118-MG,0.42863467
Venetoclax,JEKO-1,0.4287783
630600,TUR,0.42882097
YK-4-279,SCC-3,0.42904887
Alisertib,D-566MG,0.42916077
Palbociclib,SU-DHL-16,0.4292788
Uprosertib,SU-DHL-4,0.42930916
Methotrexate,CTB-1,0.42934623
Pictilisib,JEKO-1,0.42934993
Osimertinib,SU-DHL-6,0.42936242
Obatoclax Mesylate,U-87-MG,0.42946237
MK-1775,T98G,0.42947567
Mycophenolic acid,WSU-DLCL2,0.42957437
Camptothecin,KINGS-1,0.4296426
OSI-027,WSU-DLCL2,0.42964786
YK-4-279,SU-DHL-10,0.4296558
Methotrexate,LN-18,0.42966577
Dasatinib,JSC-1,0.42967683
Afuresertib,KARPAS-422,0.42969003
667880,SF539,0.42976037
Taselisib,RL,0.42995903
Methotrexate,SF268,0.4299789
LMP744,D-263MG,0.429994
667880,SLVL,0.43021742
Palbociclib,OCI-LY-19,0.4302746
Cytarabine,SLVL,0.43030295
MK-2206,KARPAS-422,0.43030956
Telomerase Inhibitor IX,D-566MG,0.43037403
630600,8-MG-BA,0.43046272
Cisplatin,SCC-3,0.430653
Talazoparib,Hs-683,0.43065757
GNE-317,SLVL,0.43066812
NU7441,WSU-DLCL2,0.43070427
Dasatinib,SCC-3,0.4310635
Pevonedistat,U-118-MG,0.4311605
5-azacytidine,VAL,0.4314288
667880,TUR,0.43142965
Palbociclib,NU-DUL-1,0.4315902
Bromosporine,SU-DHL-5,0.4317386
Cediranib,42-MG-BA,0.43174368
Temsirolimus,CAS-1,0.43175057
GNE-317,SF295,0.43185994
TW 37,H4,0.4320013
Methotrexate,U251,0.432016
GSK-LSD1,SU-DHL-6,0.4320199
Osimertinib,Farage,0.43209222
Talazoparib,D-423MG,0.43214107
Buparlisib,SF539,0.4323178
BEN,A3-KAW,0.43232518
Teniposide,YH-13,0.43238074
Venetoclax,SU-DHL-10,0.43260646
Trametinib,LNZTA3WT4,0.43263507
Ulixertinib,AM-38,0.43269286
Temsirolimus,D-423MG,0.43294007
Afatinib,DOHH-2,0.43319115
Dihydrorotenone,U-118-MG,0.43336517
YK-4-279,JSC-1,0.43338042
MK-1775,KS-1,0.43340328
Refametinib,AM-38,0.43341666
Lestaurtinib,GAMG,0.4335644
Pictilisib,8-MG-BA,0.43358517
Bleomycin,DOHH-2,0.4337128
Cytarabine,TUR,0.4339248
Sabutoclax,D-392MG,0.43414178
Schweinfurthin A,LN-18,0.43422762
AZ960,SU-DHL-4,0.43437785
AZD6738,SU-DHL-16,0.43443447
Piperlongumine,DOHH-2,0.43453124
Dihydrorotenone,A172,0.43453813
Crizotinib,SU-DHL-5,0.4346415
Buparlisib,8-MG-BA,0.43487912
I-BET-762,OCI-LY-19,0.43496564
GNE-317,RL,0.43502328
Ibrutinib,SU-DHL-6,0.43506905
YK-4-279,JM1,0.4351017
Bromosporine,DOHH-2,0.4351056
Pictilisib,GAMG,0.43538365
AZD7762,CAS-1,0.43538526
Wee1 Inhibitor,BC-1,0.43550137
667880,42-MG-BA,0.43554482
Osimertinib,MC116,0.43574387
Vorinostat,KARPAS-1106P,0.4360108
Sabutoclax,T98G,0.43617344
Venetoclax,A3-KAW,0.43626317
Uprosertib,KARPAS-422,0.43628615
Uprosertib,KARPAS-422,0.43628615
Sabutoclax,DBTRG-05MG,0.4363033
Palbociclib,DOHH-2,0.43633452
Afatinib,SU-DHL-6,0.43640488
50869,A3-KAW,0.43641144
BX795,Farage,0.4364354
Telomerase Inhibitor IX,KALS-1,0.43655747
Osimertinib,SU-DHL-16,0.43662158
Irinotecan,GRANTA-519,0.43663436
Obatoclax Mesylate,SF539,0.436777
Obatoclax Mesylate,SF268,0.437051
Foretinib,WSU-DLCL2,0.43713343
VE-822,SCC-3,0.43740577
MK-8776,TUR,0.4376183
Ulixertinib,JSC-1,0.43766358
AZD5153,M059J,0.43771175
Buparlisib,DK-MG,0.43772566
Foretinib,SU-DHL-10,0.4378064
AZD2014,KS-1,0.43782336
YK-4-279,D-423MG,0.43785477
GNE-317,KARPAS-422,0.43787464
